{
    "60896b7bfa70fc097863b8f5" : {
        "waypoints" : [
            {
                "x": -95.56027,
                "y": -14.5272923,
                "z": 37.5281944
            }
        ]
    },
    "5ede55112c95834b583f052a" : {
        "waypoints" : [
            {
                "x": -95.56027,
                "y": -14.5272923,
                "z": 37.5281944
            }
        ]
    },
    "60896888e4a85c72ef3fa300" : {
        "waypoints" : [
            {
                "x": -80.53533,
                "y": -15.8884859,
                "z": 144.298065
            },
            {
                "x": -27.8268414,
                "y": 12.5911255,
                "z": 180.3212
            },
            {
                "x": -73.2474442,
                "y": -11.7335672,
                "z": 67.4957
            }
        ]
    },
    "6089736efa70fc097863b8f6" : {
        "requiredSwitches": {
            "autoId_00000_D2_LEVER": true,
            "00453": true
        },
        "waypoints" : [
            {
                "x": -80.53533,
                "y": -15.8884859,
                "z": 144.298065
            },
            {
                "x": -27.8268414,
                "y": 12.5911255,
                "z": 180.3212
            },
            {
                "x": -73.2474442,
                "y": -11.7335672,
                "z": 67.4957
            }
        ]
    }
}